FECHA,COD_MATRICULA,ID_DIM_PRODUCTO,IMPORTE
2025-03-04,CLFC117,74,190.0
2025-03-04,CLFC118,433,80.0
2025-04-25,CLFC119,48,126.67
2025-04-26,CLFC119,48,126.67
2025-04-27,CLFC119,48,126.66
2025-03-11,CLFC198,74,190.0
2025-03-11,CLFC201,368,250.0
2025-03-11,CLFC202,502,150.0
2025-03-11,CLFC206,254,120.0
2025-04-26,CLFC211,15,13.04
2025-04-27,CLFC211,15,13.04
2025-04-28,CLFC211,15,13.04
2025-04-29,CLFC211,15,13.04
2025-04-30,CLFC211,15,13.04
2025-05-01,CLFC211,15,13.04
2025-05-02,CLFC211,15,13.04
2025-05-03,CLFC211,15,13.04
2025-05-04,CLFC211,15,13.04
2025-05-05,CLFC211,15,13.04
2025-05-06,CLFC211,15,13.04
2025-05-07,CLFC211,15,13.04
2025-05-08,CLFC211,15,13.04
2025-05-09,CLFC211,15,13.04
2025-05-10,CLFC211,15,13.04
2025-05-11,CLFC211,15,13.04
2025-05-12,CLFC211,15,13.04
2025-05-13,CLFC211,15,13.04
2025-05-14,CLFC211,15,13.04
2025-05-15,CLFC211,15,13.04
2025-05-16,CLFC211,15,13.04
2025-05-17,CLFC211,15,13.04
2025-05-18,CLFC211,15,13.04
2025-05-19,CLFC211,15,13.04
2025-05-20,CLFC211,15,13.04
2025-05-21,CLFC211,15,13.04
2025-05-22,CLFC211,15,13.04
2025-05-23,CLFC211,15,13.04
2025-05-24,CLFC211,15,13.04
2025-05-25,CLFC211,15,13.04
2025-05-26,CLFC211,15,13.04
2025-05-27,CLFC211,15,13.04
2025-05-28,CLFC211,15,13.04
2025-05-29,CLFC211,15,13.04
2025-05-30,CLFC211,15,13.04
2025-05-31,CLFC211,15,13.04
2025-06-01,CLFC211,15,13.04
2025-06-02,CLFC211,15,13.04
2025-06-03,CLFC211,15,13.04
2025-06-04,CLFC211,15,13.04
2025-06-05,CLFC211,15,13.04
2025-06-06,CLFC211,15,13.04
2025-06-07,CLFC211,15,13.04
2025-06-08,CLFC211,15,13.04
2025-06-09,CLFC211,15,13.04
2025-06-10,CLFC211,15,13.04
2025-06-11,CLFC211,15,13.04
2025-06-12,CLFC211,15,13.04
2025-06-13,CLFC211,15,13.04
2025-06-14,CLFC211,15,13.04
2025-06-15,CLFC211,15,13.0
2025-03-11,CLFC214,368,250.0
2025-04-25,CLFC221,384,164.67
2025-04-26,CLFC221,384,164.67
2025-04-27,CLFC221,384,164.66
2025-03-12,CLFC235,97,165.0
2025-03-12,CLFC238,303,150.0
2025-02-26,CLFC57,558,150.0
2025-02-27,CLFC80,547,150.0
2025-02-27,CLFC81,117,185.0
2025-03-04,CLFC125,74,190.0
2025-03-05,CLFC137,381,165.0
2025-03-11,CLFC215,127,150.0
2025-02-28,CLFC87,417,355.0
2025-03-01,CLFC90,209,155.0
2025-03-01,CLFC91,74,190.0
2025-03-01,CLFC92,505,110.0
2025-03-01,CLFC94,484,175.0
2025-04-04,CLFC96,256,152.0
2025-04-05,CLFC96,256,152.0
2025-04-06,CLFC96,256,152.0
2025-03-17,CLFC314,145,120.0
2025-03-01,CLFC99,233,135.0
2025-04-26,CLFC142,15,13.04
2025-04-27,CLFC142,15,13.04
2025-04-28,CLFC142,15,13.04
2025-04-29,CLFC142,15,13.04
2025-04-30,CLFC142,15,13.04
2025-05-01,CLFC142,15,13.04
2025-05-02,CLFC142,15,13.04
2025-05-03,CLFC142,15,13.04
2025-05-04,CLFC142,15,13.04
2025-05-05,CLFC142,15,13.04
2025-05-06,CLFC142,15,13.04
2025-05-07,CLFC142,15,13.04
2025-05-08,CLFC142,15,13.04
2025-05-09,CLFC142,15,13.04
2025-05-10,CLFC142,15,13.04
2025-05-11,CLFC142,15,13.04
2025-05-12,CLFC142,15,13.04
2025-05-13,CLFC142,15,13.04
2025-05-14,CLFC142,15,13.04
2025-05-15,CLFC142,15,13.04
2025-05-16,CLFC142,15,13.04
2025-05-17,CLFC142,15,13.04
2025-05-18,CLFC142,15,13.04
2025-05-19,CLFC142,15,13.04
2025-05-20,CLFC142,15,13.04
2025-05-21,CLFC142,15,13.04
2025-05-22,CLFC142,15,13.04
2025-05-23,CLFC142,15,13.04
2025-05-24,CLFC142,15,13.04
2025-05-25,CLFC142,15,13.04
2025-05-26,CLFC142,15,13.04
2025-05-27,CLFC142,15,13.04
2025-05-28,CLFC142,15,13.04
2025-05-29,CLFC142,15,13.04
2025-05-30,CLFC142,15,13.04
2025-05-31,CLFC142,15,13.04
2025-06-01,CLFC142,15,13.04
2025-06-02,CLFC142,15,13.04
2025-06-03,CLFC142,15,13.04
2025-06-04,CLFC142,15,13.04
2025-06-05,CLFC142,15,13.04
2025-06-06,CLFC142,15,13.04
2025-06-07,CLFC142,15,13.04
2025-06-08,CLFC142,15,13.04
2025-06-09,CLFC142,15,13.04
2025-06-10,CLFC142,15,13.04
2025-06-11,CLFC142,15,13.04
2025-06-12,CLFC142,15,13.04
2025-06-13,CLFC142,15,13.04
2025-06-14,CLFC142,15,13.04
2025-06-15,CLFC142,15,13.0
2025-03-11,CLFC203,23,80.0
2025-04-25,CLFC222,384,164.67
2025-04-26,CLFC222,384,164.67
2025-04-27,CLFC222,384,164.66
2025-06-27,CLFC224,495,150.0
2025-06-28,CLFC224,495,150.0
2025-04-12,CLFC230,128,7.02
2025-04-13,CLFC230,128,7.02
2025-04-14,CLFC230,128,7.02
2025-04-15,CLFC230,128,7.02
2025-04-16,CLFC230,128,7.02
2025-04-17,CLFC230,128,7.02
2025-04-18,CLFC230,128,7.02
2025-04-19,CLFC230,128,7.02
2025-04-20,CLFC230,128,7.02
2025-04-21,CLFC230,128,7.02
2025-04-22,CLFC230,128,7.02
2025-04-23,CLFC230,128,7.02
2025-04-24,CLFC230,128,7.02
2025-04-25,CLFC230,128,7.02
2025-04-26,CLFC230,128,7.02
2025-04-27,CLFC230,128,7.02
2025-04-28,CLFC230,128,7.02
2025-04-29,CLFC230,128,7.02
2025-04-30,CLFC230,128,7.02
2025-05-01,CLFC230,128,7.02
2025-05-02,CLFC230,128,7.02
2025-05-03,CLFC230,128,7.02
2025-05-04,CLFC230,128,7.02
2025-05-05,CLFC230,128,7.02
2025-05-06,CLFC230,128,7.02
2025-05-07,CLFC230,128,7.02
2025-05-08,CLFC230,128,7.02
2025-05-09,CLFC230,128,7.02
2025-05-10,CLFC230,128,7.02
2025-05-11,CLFC230,128,7.02
2025-05-12,CLFC230,128,7.02
2025-05-13,CLFC230,128,7.02
2025-05-14,CLFC230,128,7.02
2025-05-15,CLFC230,128,7.02
2025-05-16,CLFC230,128,7.02
2025-05-17,CLFC230,128,7.02
2025-05-18,CLFC230,128,7.02
2025-05-19,CLFC230,128,7.02
2025-05-20,CLFC230,128,7.02
2025-05-21,CLFC230,128,7.02
2025-05-22,CLFC230,128,7.02
2025-05-23,CLFC230,128,7.02
2025-05-24,CLFC230,128,7.02
2025-05-25,CLFC230,128,7.02
2025-05-26,CLFC230,128,7.02
2025-05-27,CLFC230,128,7.02
2025-05-28,CLFC230,128,7.02
2025-05-29,CLFC230,128,7.02
2025-05-30,CLFC230,128,7.02
2025-05-31,CLFC230,128,7.02
2025-06-01,CLFC230,128,7.02
2025-06-02,CLFC230,128,7.02
2025-06-03,CLFC230,128,7.02
2025-06-04,CLFC230,128,7.02
2025-06-05,CLFC230,128,7.02
2025-06-06,CLFC230,128,7.02
2025-06-07,CLFC230,128,7.02
2025-06-08,CLFC230,128,7.02
2025-06-09,CLFC230,128,7.02
2025-06-10,CLFC230,128,7.02
2025-06-11,CLFC230,128,7.02
2025-06-12,CLFC230,128,7.02
2025-06-13,CLFC230,128,7.02
2025-06-14,CLFC230,128,7.02
2025-06-15,CLFC230,128,6.72
2025-02-27,CLFC63,125,599.0
2025-02-27,CLFC71,527,599.0
2025-02-27,CLFC72,266,185.0
2025-02-27,CLFC77,11,903.0
2025-03-12,CLFC232,484,140.0
2025-03-14,CLFC272,75,0.0
2025-04-12,CLFC276,128,7.02
2025-04-13,CLFC276,128,7.02
2025-04-14,CLFC276,128,7.02
2025-04-15,CLFC276,128,7.02
2025-04-16,CLFC276,128,7.02
2025-04-17,CLFC276,128,7.02
2025-04-18,CLFC276,128,7.02
2025-04-19,CLFC276,128,7.02
2025-04-20,CLFC276,128,7.02
2025-04-21,CLFC276,128,7.02
2025-04-22,CLFC276,128,7.02
2025-04-23,CLFC276,128,7.02
2025-04-24,CLFC276,128,7.02
2025-04-25,CLFC276,128,7.02
2025-04-26,CLFC276,128,7.02
2025-04-27,CLFC276,128,7.02
2025-04-28,CLFC276,128,7.02
2025-04-29,CLFC276,128,7.02
2025-04-30,CLFC276,128,7.02
2025-05-01,CLFC276,128,7.02
2025-05-02,CLFC276,128,7.02
2025-05-03,CLFC276,128,7.02
2025-05-04,CLFC276,128,7.02
2025-05-05,CLFC276,128,7.02
2025-05-06,CLFC276,128,7.02
2025-05-07,CLFC276,128,7.02
2025-05-08,CLFC276,128,7.02
2025-05-09,CLFC276,128,7.02
2025-05-10,CLFC276,128,7.02
2025-05-11,CLFC276,128,7.02
2025-05-12,CLFC276,128,7.02
2025-05-13,CLFC276,128,7.02
2025-05-14,CLFC276,128,7.02
2025-05-15,CLFC276,128,7.02
2025-05-16,CLFC276,128,7.02
2025-05-17,CLFC276,128,7.02
2025-05-18,CLFC276,128,7.02
2025-05-19,CLFC276,128,7.02
2025-05-20,CLFC276,128,7.02
2025-05-21,CLFC276,128,7.02
2025-05-22,CLFC276,128,7.02
2025-05-23,CLFC276,128,7.02
2025-05-24,CLFC276,128,7.02
2025-05-25,CLFC276,128,7.02
2025-05-26,CLFC276,128,7.02
2025-05-27,CLFC276,128,7.02
2025-05-28,CLFC276,128,7.02
2025-05-29,CLFC276,128,7.02
2025-05-30,CLFC276,128,7.02
2025-05-31,CLFC276,128,7.02
2025-06-01,CLFC276,128,7.02
2025-06-02,CLFC276,128,7.02
2025-06-03,CLFC276,128,7.02
2025-06-04,CLFC276,128,7.02
2025-06-05,CLFC276,128,7.02
2025-06-06,CLFC276,128,7.02
2025-06-07,CLFC276,128,7.02
2025-06-08,CLFC276,128,7.02
2025-06-09,CLFC276,128,7.02
2025-06-10,CLFC276,128,7.02
2025-06-11,CLFC276,128,7.02
2025-06-12,CLFC276,128,7.02
2025-06-13,CLFC276,128,7.02
2025-06-14,CLFC276,128,7.02
2025-06-15,CLFC276,128,6.72
2025-03-15,CLFC288,145,96.0
2025-03-01,CLFC100,282,320.0
2025-03-02,CLFC101,161,135.0
2025-03-02,CLFC102,74,190.0
2025-03-02,CLFC104,82,320.0
2025-03-02,CLFC107,233,150.0
2025-03-17,CLFC327,250,164.0
2025-04-04,CLFC334,256,160.0
2025-04-05,CLFC334,256,160.0
2025-04-06,CLFC334,256,160.0
2025-03-18,CLFC335,158,220.0
2025-03-18,CLFC337,97,119.0
2025-04-25,CLFC82,384,164.67
2025-04-26,CLFC82,384,164.67
2025-04-27,CLFC82,384,164.66
2025-04-12,CLFC275,128,7.02
2025-04-13,CLFC275,128,7.02
2025-04-14,CLFC275,128,7.02
2025-04-15,CLFC275,128,7.02
2025-04-16,CLFC275,128,7.02
2025-04-17,CLFC275,128,7.02
2025-04-18,CLFC275,128,7.02
2025-04-19,CLFC275,128,7.02
2025-04-20,CLFC275,128,7.02
2025-04-21,CLFC275,128,7.02
2025-04-22,CLFC275,128,7.02
2025-04-23,CLFC275,128,7.02
2025-04-24,CLFC275,128,7.02
2025-04-25,CLFC275,128,7.02
2025-04-26,CLFC275,128,7.02
2025-04-27,CLFC275,128,7.02
2025-04-28,CLFC275,128,7.02
2025-04-29,CLFC275,128,7.02
2025-04-30,CLFC275,128,7.02
2025-05-01,CLFC275,128,7.02
2025-05-02,CLFC275,128,7.02
2025-05-03,CLFC275,128,7.02
2025-05-04,CLFC275,128,7.02
2025-05-05,CLFC275,128,7.02
2025-05-06,CLFC275,128,7.02
2025-05-07,CLFC275,128,7.02
2025-05-08,CLFC275,128,7.02
2025-05-09,CLFC275,128,7.02
2025-05-10,CLFC275,128,7.02
2025-05-11,CLFC275,128,7.02
2025-05-12,CLFC275,128,7.02
2025-05-13,CLFC275,128,7.02
2025-05-14,CLFC275,128,7.02
2025-05-15,CLFC275,128,7.02
2025-05-16,CLFC275,128,7.02
2025-05-17,CLFC275,128,7.02
2025-05-18,CLFC275,128,7.02
2025-05-19,CLFC275,128,7.02
2025-05-20,CLFC275,128,7.02
2025-05-21,CLFC275,128,7.02
2025-05-22,CLFC275,128,7.02
2025-05-23,CLFC275,128,7.02
2025-05-24,CLFC275,128,7.02
2025-05-25,CLFC275,128,7.02
2025-05-26,CLFC275,128,7.02
2025-05-27,CLFC275,128,7.02
2025-05-28,CLFC275,128,7.02
2025-05-29,CLFC275,128,7.02
2025-05-30,CLFC275,128,7.02
2025-05-31,CLFC275,128,7.02
2025-06-01,CLFC275,128,7.02
2025-06-02,CLFC275,128,7.02
2025-06-03,CLFC275,128,7.02
2025-06-04,CLFC275,128,7.02
2025-06-05,CLFC275,128,7.02
2025-06-06,CLFC275,128,7.02
2025-06-07,CLFC275,128,7.02
2025-06-08,CLFC275,128,7.02
2025-06-09,CLFC275,128,7.02
2025-06-10,CLFC275,128,7.02
2025-06-11,CLFC275,128,7.02
2025-06-12,CLFC275,128,7.02
2025-06-13,CLFC275,128,7.02
2025-06-14,CLFC275,128,7.02
2025-06-15,CLFC275,128,6.72
2025-04-26,CLFC352,15,13.04
2025-04-27,CLFC352,15,13.04
2025-04-28,CLFC352,15,13.04
2025-04-29,CLFC352,15,13.04
2025-04-30,CLFC352,15,13.04
2025-05-01,CLFC352,15,13.04
2025-05-02,CLFC352,15,13.04
2025-05-03,CLFC352,15,13.04
2025-05-04,CLFC352,15,13.04
2025-05-05,CLFC352,15,13.04
2025-05-06,CLFC352,15,13.04
2025-05-07,CLFC352,15,13.04
2025-05-08,CLFC352,15,13.04
2025-05-09,CLFC352,15,13.04
2025-05-10,CLFC352,15,13.04
2025-05-11,CLFC352,15,13.04
2025-05-12,CLFC352,15,13.04
2025-05-13,CLFC352,15,13.04
2025-05-14,CLFC352,15,13.04
2025-05-15,CLFC352,15,13.04
2025-05-16,CLFC352,15,13.04
2025-05-17,CLFC352,15,13.04
2025-05-18,CLFC352,15,13.04
2025-05-19,CLFC352,15,13.04
2025-05-20,CLFC352,15,13.04
2025-05-21,CLFC352,15,13.04
2025-05-22,CLFC352,15,13.04
2025-05-23,CLFC352,15,13.04
2025-05-24,CLFC352,15,13.04
2025-05-25,CLFC352,15,13.04
2025-05-26,CLFC352,15,13.04
2025-05-27,CLFC352,15,13.04
2025-05-28,CLFC352,15,13.04
2025-05-29,CLFC352,15,13.04
2025-05-30,CLFC352,15,13.04
2025-05-31,CLFC352,15,13.04
2025-06-01,CLFC352,15,13.04
2025-06-02,CLFC352,15,13.04
2025-06-03,CLFC352,15,13.04
2025-06-04,CLFC352,15,13.04
2025-06-05,CLFC352,15,13.04
2025-06-06,CLFC352,15,13.04
2025-06-07,CLFC352,15,13.04
2025-06-08,CLFC352,15,13.04
2025-06-09,CLFC352,15,13.04
2025-06-10,CLFC352,15,13.04
2025-06-11,CLFC352,15,13.04
2025-06-12,CLFC352,15,13.04
2025-06-13,CLFC352,15,13.04
2025-06-14,CLFC352,15,13.04
2025-06-15,CLFC352,15,13.0
2025-03-19,CLFC377,530,148.0
2025-03-11,CLFC213,199,140.0
2025-03-19,CLFC366,117,185.0
2025-03-19,CLFC374,135,120.0
2025-03-20,CLFC381,276,119.0
2025-03-06,CLFC151,417,320.0
2025-03-06,CLFC152,74,190.0
2025-03-15,CLFC155,444,28.5
2025-03-16,CLFC155,444,28.5
2025-03-17,CLFC155,444,28.5
2025-03-18,CLFC155,444,28.5
2025-03-19,CLFC155,444,28.5
2025-03-20,CLFC155,444,28.5
2025-03-21,CLFC155,444,28.5
2025-03-22,CLFC155,444,28.5
2025-03-23,CLFC155,444,28.5
2025-03-24,CLFC155,444,28.5
2025-03-25,CLFC155,444,28.5
2025-03-26,CLFC155,444,28.5
2025-03-27,CLFC155,444,28.5
2025-03-28,CLFC155,444,28.5
2025-03-29,CLFC155,444,28.5
2025-03-30,CLFC155,444,28.5
2025-03-06,CLFC156,84,175.0
2025-03-06,CLFC157,502,150.0
2025-04-25,CLFC159,48,126.67
2025-04-26,CLFC159,48,126.67
2025-04-27,CLFC159,48,126.66
2025-03-07,CLFC160,335,70.0
2025-04-25,CLFC382,48,126.67
2025-04-26,CLFC382,48,126.67
2025-04-27,CLFC382,48,126.66
2025-04-04,CLFC385,256,152.0
2025-04-05,CLFC385,256,152.0
2025-04-06,CLFC385,256,152.0
2025-03-20,CLFC388,417,256.0
2025-03-22,CLFC413,320,100.0
2025-04-26,CLFC372,15,13.04
2025-04-27,CLFC372,15,13.04
2025-04-28,CLFC372,15,13.04
2025-04-29,CLFC372,15,13.04
2025-04-30,CLFC372,15,13.04
2025-05-01,CLFC372,15,13.04
2025-05-02,CLFC372,15,13.04
2025-05-03,CLFC372,15,13.04
2025-05-04,CLFC372,15,13.04
2025-05-05,CLFC372,15,13.04
2025-05-06,CLFC372,15,13.04
2025-05-07,CLFC372,15,13.04
2025-05-08,CLFC372,15,13.04
2025-05-09,CLFC372,15,13.04
2025-05-10,CLFC372,15,13.04
2025-05-11,CLFC372,15,13.04
2025-05-12,CLFC372,15,13.04
2025-05-13,CLFC372,15,13.04
2025-05-14,CLFC372,15,13.04
2025-05-15,CLFC372,15,13.04
2025-05-16,CLFC372,15,13.04
2025-05-17,CLFC372,15,13.04
2025-05-18,CLFC372,15,13.04
2025-05-19,CLFC372,15,13.04
2025-05-20,CLFC372,15,13.04
2025-05-21,CLFC372,15,13.04
2025-05-22,CLFC372,15,13.04
2025-05-23,CLFC372,15,13.04
2025-05-24,CLFC372,15,13.04
2025-05-25,CLFC372,15,13.04
2025-05-26,CLFC372,15,13.04
2025-05-27,CLFC372,15,13.04
2025-05-28,CLFC372,15,13.04
2025-05-29,CLFC372,15,13.04
2025-05-30,CLFC372,15,13.04
2025-05-31,CLFC372,15,13.04
2025-06-01,CLFC372,15,13.04
2025-06-02,CLFC372,15,13.04
2025-06-03,CLFC372,15,13.04
2025-06-04,CLFC372,15,13.04
2025-06-05,CLFC372,15,13.04
2025-06-06,CLFC372,15,13.04
2025-06-07,CLFC372,15,13.04
2025-06-08,CLFC372,15,13.04
2025-06-09,CLFC372,15,13.04
2025-06-10,CLFC372,15,13.04
2025-06-11,CLFC372,15,13.04
2025-06-12,CLFC372,15,13.04
2025-06-13,CLFC372,15,13.04
2025-06-14,CLFC372,15,13.04
2025-06-15,CLFC372,15,13.0
2025-03-23,CLFC415,433,80.0
2025-03-23,CLFC416,282,256.0
2025-03-03,CLFC108,303,150.0
2025-03-03,CLFC113,559,100.0
2025-03-03,CLFC114,542,185.0
2025-03-03,CLFC115,302,105.0
2025-03-03,CLFC116,484,175.0
2025-03-15,CLFC122,444,28.5
2025-03-16,CLFC122,444,28.5
2025-03-17,CLFC122,444,28.5
2025-03-18,CLFC122,444,28.5
2025-03-19,CLFC122,444,28.5
2025-03-20,CLFC122,444,28.5
2025-03-21,CLFC122,444,28.5
2025-03-22,CLFC122,444,28.5
2025-03-23,CLFC122,444,28.5
2025-03-24,CLFC122,444,28.5
2025-03-25,CLFC122,444,28.5
2025-03-26,CLFC122,444,28.5
2025-03-27,CLFC122,444,28.5
2025-03-28,CLFC122,444,28.5
2025-03-29,CLFC122,444,28.5
2025-03-30,CLFC122,444,28.5
2025-05-09,CLFC123,411,152.0
2025-05-10,CLFC123,411,152.0
2025-05-11,CLFC123,411,152.0
2025-03-05,CLFC143,117,167.0
2025-03-06,CLFC146,117,185.0
2025-03-07,CLFC161,252,150.0
2025-03-07,CLFC166,362,290.0
2025-03-07,CLFC168,547,150.0
2025-03-08,CLFC170,320,100.0
2025-03-15,CLFC177,444,28.5
2025-03-16,CLFC177,444,28.5
2025-03-17,CLFC177,444,28.5
2025-03-18,CLFC177,444,28.5
2025-03-19,CLFC177,444,28.5
2025-03-20,CLFC177,444,28.5
2025-03-21,CLFC177,444,28.5
2025-03-22,CLFC177,444,28.5
2025-03-23,CLFC177,444,28.5
2025-03-24,CLFC177,444,28.5
2025-03-25,CLFC177,444,28.5
2025-03-26,CLFC177,444,28.5
2025-03-27,CLFC177,444,28.5
2025-03-28,CLFC177,444,28.5
2025-03-29,CLFC177,444,28.5
2025-03-30,CLFC177,444,28.5
2025-03-09,CLFC178,381,165.0
2025-03-23,CLFC417,381,132.0
2025-03-04,CLFC126,389,320.0
2025-03-04,CLFC129,558,150.0
2025-03-04,CLFC131,218,190.0
2025-03-04,CLFC132,335,70.0
2025-04-26,CLFC133,15,13.04
2025-04-27,CLFC133,15,13.04
2025-04-28,CLFC133,15,13.04
2025-04-29,CLFC133,15,13.04
2025-04-30,CLFC133,15,13.04
2025-05-01,CLFC133,15,13.04
2025-05-02,CLFC133,15,13.04
2025-05-03,CLFC133,15,13.04
2025-05-04,CLFC133,15,13.04
2025-05-05,CLFC133,15,13.04
2025-05-06,CLFC133,15,13.04
2025-05-07,CLFC133,15,13.04
2025-05-08,CLFC133,15,13.04
2025-05-09,CLFC133,15,13.04
2025-05-10,CLFC133,15,13.04
2025-05-11,CLFC133,15,13.04
2025-05-12,CLFC133,15,13.04
2025-05-13,CLFC133,15,13.04
2025-05-14,CLFC133,15,13.04
2025-05-15,CLFC133,15,13.04
2025-05-16,CLFC133,15,13.04
2025-05-17,CLFC133,15,13.04
2025-05-18,CLFC133,15,13.04
2025-05-19,CLFC133,15,13.04
2025-05-20,CLFC133,15,13.04
2025-05-21,CLFC133,15,13.04
2025-05-22,CLFC133,15,13.04
2025-05-23,CLFC133,15,13.04
2025-05-24,CLFC133,15,13.04
2025-05-25,CLFC133,15,13.04
2025-05-26,CLFC133,15,13.04
2025-05-27,CLFC133,15,13.04
2025-05-28,CLFC133,15,13.04
2025-05-29,CLFC133,15,13.04
2025-05-30,CLFC133,15,13.04
2025-05-31,CLFC133,15,13.04
2025-06-01,CLFC133,15,13.04
2025-06-02,CLFC133,15,13.04
2025-06-03,CLFC133,15,13.04
2025-06-04,CLFC133,15,13.04
2025-06-05,CLFC133,15,13.04
2025-06-06,CLFC133,15,13.04
2025-06-07,CLFC133,15,13.04
2025-06-08,CLFC133,15,13.04
2025-06-09,CLFC133,15,13.04
2025-06-10,CLFC133,15,13.04
2025-06-11,CLFC133,15,13.04
2025-06-12,CLFC133,15,13.04
2025-06-13,CLFC133,15,13.04
2025-06-14,CLFC133,15,13.04
2025-06-15,CLFC133,15,13.0
2025-03-05,CLFC135,502,150.0
2025-03-09,CLFC180,117,185.0
2025-05-09,CLFC183,411,152.0
2025-05-10,CLFC183,411,152.0
2025-05-11,CLFC183,411,152.0
2025-04-26,CLFC187,15,13.04
2025-04-27,CLFC187,15,13.04
2025-04-28,CLFC187,15,13.04
2025-04-29,CLFC187,15,13.04
2025-04-30,CLFC187,15,13.04
2025-05-01,CLFC187,15,13.04
2025-05-02,CLFC187,15,13.04
2025-05-03,CLFC187,15,13.04
2025-05-04,CLFC187,15,13.04
2025-05-05,CLFC187,15,13.04
2025-05-06,CLFC187,15,13.04
2025-05-07,CLFC187,15,13.04
2025-05-08,CLFC187,15,13.04
2025-05-09,CLFC187,15,13.04
2025-05-10,CLFC187,15,13.04
2025-05-11,CLFC187,15,13.04
2025-05-12,CLFC187,15,13.04
2025-05-13,CLFC187,15,13.04
2025-05-14,CLFC187,15,13.04
2025-05-15,CLFC187,15,13.04
2025-05-16,CLFC187,15,13.04
2025-05-17,CLFC187,15,13.04
2025-05-18,CLFC187,15,13.04
2025-05-19,CLFC187,15,13.04
2025-05-20,CLFC187,15,13.04
2025-05-21,CLFC187,15,13.04
2025-05-22,CLFC187,15,13.04
2025-05-23,CLFC187,15,13.04
2025-05-24,CLFC187,15,13.04
2025-05-25,CLFC187,15,13.04
2025-05-26,CLFC187,15,13.04
2025-05-27,CLFC187,15,13.04
2025-05-28,CLFC187,15,13.04
2025-05-29,CLFC187,15,13.04
2025-05-30,CLFC187,15,13.04
2025-05-31,CLFC187,15,13.04
2025-06-01,CLFC187,15,13.04
2025-06-02,CLFC187,15,13.04
2025-06-03,CLFC187,15,13.04
2025-06-04,CLFC187,15,13.04
2025-06-05,CLFC187,15,13.04
2025-06-06,CLFC187,15,13.04
2025-06-07,CLFC187,15,13.04
2025-06-08,CLFC187,15,13.04
2025-06-09,CLFC187,15,13.04
2025-06-10,CLFC187,15,13.04
2025-06-11,CLFC187,15,13.04
2025-06-12,CLFC187,15,13.04
2025-06-13,CLFC187,15,13.04
2025-06-14,CLFC187,15,13.04
2025-06-15,CLFC187,15,13.0
2025-03-10,CLFC188,96,320.0
2025-03-10,CLFC193,502,150.0
2025-03-12,CLFC248,465,160.0
2025-02-26,CLFC38,168,1.0
2025-02-26,CLFC42,96,320.0
2025-02-26,CLFC43,361,0.0
2025-05-09,CLFC46,411,152.0
2025-05-10,CLFC46,411,152.0
2025-05-11,CLFC46,411,152.0
2025-03-15,CLFC50,444,28.5
2025-03-16,CLFC50,444,28.5
2025-03-17,CLFC50,444,28.5
2025-03-18,CLFC50,444,28.5
2025-03-19,CLFC50,444,28.5
2025-03-20,CLFC50,444,28.5
2025-03-21,CLFC50,444,28.5
2025-03-22,CLFC50,444,28.5
2025-03-23,CLFC50,444,28.5
2025-03-24,CLFC50,444,28.5
2025-03-25,CLFC50,444,28.5
2025-03-26,CLFC50,444,28.5
2025-03-27,CLFC50,444,28.5
2025-03-28,CLFC50,444,28.5
2025-03-29,CLFC50,444,28.5
2025-03-30,CLFC50,444,28.5
2025-04-04,CLFC62,256,152.0
2025-04-05,CLFC62,256,152.0
2025-04-06,CLFC62,256,152.0
2025-03-22,CLFC78,324,9.24
2025-03-23,CLFC78,324,9.24
2025-03-24,CLFC78,324,9.24
2025-03-25,CLFC78,324,9.24
2025-03-26,CLFC78,324,9.24
2025-03-27,CLFC78,324,9.24
2025-03-28,CLFC78,324,9.24
2025-03-29,CLFC78,324,9.24
2025-03-30,CLFC78,324,9.24
2025-03-31,CLFC78,324,9.24
2025-04-01,CLFC78,324,9.24
2025-04-02,CLFC78,324,9.24
2025-04-03,CLFC78,324,9.24
2025-04-04,CLFC78,324,9.24
2025-04-05,CLFC78,324,9.24
2025-04-06,CLFC78,324,9.24
2025-04-07,CLFC78,324,9.24
2025-04-08,CLFC78,324,9.24
2025-04-09,CLFC78,324,9.24
2025-04-10,CLFC78,324,9.24
2025-04-11,CLFC78,324,9.24
2025-04-12,CLFC78,324,9.24
2025-04-13,CLFC78,324,9.24
2025-04-14,CLFC78,324,9.24
2025-04-15,CLFC78,324,9.24
2025-04-16,CLFC78,324,9.24
2025-04-17,CLFC78,324,9.24
2025-04-18,CLFC78,324,9.24
2025-04-19,CLFC78,324,9.24
2025-04-20,CLFC78,324,9.24
2025-04-21,CLFC78,324,9.24
2025-04-22,CLFC78,324,9.24
2025-04-23,CLFC78,324,9.24
2025-04-24,CLFC78,324,9.24
2025-04-25,CLFC78,324,9.24
2025-04-26,CLFC78,324,9.24
2025-04-27,CLFC78,324,9.24
2025-04-28,CLFC78,324,9.24
2025-04-29,CLFC78,324,9.24
2025-04-30,CLFC78,324,9.24
2025-05-01,CLFC78,324,9.24
2025-05-02,CLFC78,324,9.24
2025-05-03,CLFC78,324,9.24
2025-05-04,CLFC78,324,9.24
2025-05-05,CLFC78,324,9.24
2025-05-06,CLFC78,324,9.24
2025-05-07,CLFC78,324,9.24
2025-05-08,CLFC78,324,9.24
2025-05-09,CLFC78,324,9.24
2025-05-10,CLFC78,324,9.24
2025-05-11,CLFC78,324,9.24
2025-05-12,CLFC78,324,9.24
2025-05-13,CLFC78,324,9.24
2025-05-14,CLFC78,324,9.24
2025-05-15,CLFC78,324,9.24
2025-05-16,CLFC78,324,9.24
2025-05-17,CLFC78,324,9.24
2025-05-18,CLFC78,324,9.24
2025-05-19,CLFC78,324,9.24
2025-05-20,CLFC78,324,9.24
2025-05-21,CLFC78,324,9.24
2025-05-22,CLFC78,324,9.24
2025-05-23,CLFC78,324,9.24
2025-05-24,CLFC78,324,9.24
2025-05-25,CLFC78,324,9.24
2025-05-26,CLFC78,324,9.24
2025-05-27,CLFC78,324,9.24
2025-05-28,CLFC78,324,9.24
2025-05-29,CLFC78,324,9.24
2025-05-30,CLFC78,324,9.24
2025-05-31,CLFC78,324,9.24
2025-06-01,CLFC78,324,8.96
2025-02-27,CLFC79,371,150.0
2025-02-27,CLFC83,276,165.0
2025-02-28,CLFC84,200,110.0
2025-04-25,CLFC86,410,120.33
2025-04-26,CLFC86,410,120.33
2025-04-27,CLFC86,410,120.34
2025-03-01,CLFC97,117,185.0
2025-03-01,CLFC98,302,105.0
2025-03-04,CLFC127,502,135.0
2025-04-04,CLFC139,256,136.67
2025-04-05,CLFC139,256,136.67
2025-04-06,CLFC139,256,136.66
2025-03-13,CLFC254,548,180.0
2025-04-04,CLFC255,256,136.67
2025-04-05,CLFC255,256,136.67
2025-04-06,CLFC255,256,136.66
2025-03-13,CLFC270,40,120.0
2025-04-12,CLFC231,128,7.02
2025-04-13,CLFC231,128,7.02
2025-04-14,CLFC231,128,7.02
2025-04-15,CLFC231,128,7.02
2025-04-16,CLFC231,128,7.02
2025-04-17,CLFC231,128,7.02
2025-04-18,CLFC231,128,7.02
2025-04-19,CLFC231,128,7.02
2025-04-20,CLFC231,128,7.02
2025-04-21,CLFC231,128,7.02
2025-04-22,CLFC231,128,7.02
2025-04-23,CLFC231,128,7.02
2025-04-24,CLFC231,128,7.02
2025-04-25,CLFC231,128,7.02
2025-04-26,CLFC231,128,7.02
2025-04-27,CLFC231,128,7.02
2025-04-28,CLFC231,128,7.02
2025-04-29,CLFC231,128,7.02
2025-04-30,CLFC231,128,7.02
2025-05-01,CLFC231,128,7.02
2025-05-02,CLFC231,128,7.02
2025-05-03,CLFC231,128,7.02
2025-05-04,CLFC231,128,7.02
2025-05-05,CLFC231,128,7.02
2025-05-06,CLFC231,128,7.02
2025-05-07,CLFC231,128,7.02
2025-05-08,CLFC231,128,7.02
2025-05-09,CLFC231,128,7.02
2025-05-10,CLFC231,128,7.02
2025-05-11,CLFC231,128,7.02
2025-05-12,CLFC231,128,7.02
2025-05-13,CLFC231,128,7.02
2025-05-14,CLFC231,128,7.02
2025-05-15,CLFC231,128,7.02
2025-05-16,CLFC231,128,7.02
2025-05-17,CLFC231,128,7.02
2025-05-18,CLFC231,128,7.02
2025-05-19,CLFC231,128,7.02
2025-05-20,CLFC231,128,7.02
2025-05-21,CLFC231,128,7.02
2025-05-22,CLFC231,128,7.02
2025-05-23,CLFC231,128,7.02
2025-05-24,CLFC231,128,7.02
2025-05-25,CLFC231,128,7.02
2025-05-26,CLFC231,128,7.02
2025-05-27,CLFC231,128,7.02
2025-05-28,CLFC231,128,7.02
2025-05-29,CLFC231,128,7.02
2025-05-30,CLFC231,128,7.02
2025-05-31,CLFC231,128,7.02
2025-06-01,CLFC231,128,7.02
2025-06-02,CLFC231,128,7.02
2025-06-03,CLFC231,128,7.02
2025-06-04,CLFC231,128,7.02
2025-06-05,CLFC231,128,7.02
2025-06-06,CLFC231,128,7.02
2025-06-07,CLFC231,128,7.02
2025-06-08,CLFC231,128,7.02
2025-06-09,CLFC231,128,7.02
2025-06-10,CLFC231,128,7.02
2025-06-11,CLFC231,128,7.02
2025-06-12,CLFC231,128,7.02
2025-06-13,CLFC231,128,7.02
2025-06-14,CLFC231,128,7.02
2025-06-15,CLFC231,128,6.72
2025-04-26,CLFC225,15,13.04
2025-04-27,CLFC225,15,13.04
2025-04-28,CLFC225,15,13.04
2025-04-29,CLFC225,15,13.04
2025-04-30,CLFC225,15,13.04
2025-05-01,CLFC225,15,13.04
2025-05-02,CLFC225,15,13.04
2025-05-03,CLFC225,15,13.04
2025-05-04,CLFC225,15,13.04
2025-05-05,CLFC225,15,13.04
2025-05-06,CLFC225,15,13.04
2025-05-07,CLFC225,15,13.04
2025-05-08,CLFC225,15,13.04
2025-05-09,CLFC225,15,13.04
2025-05-10,CLFC225,15,13.04
2025-05-11,CLFC225,15,13.04
2025-05-12,CLFC225,15,13.04
2025-05-13,CLFC225,15,13.04
2025-05-14,CLFC225,15,13.04
2025-05-15,CLFC225,15,13.04
2025-05-16,CLFC225,15,13.04
2025-05-17,CLFC225,15,13.04
2025-05-18,CLFC225,15,13.04
2025-05-19,CLFC225,15,13.04
2025-05-20,CLFC225,15,13.04
2025-05-21,CLFC225,15,13.04
2025-05-22,CLFC225,15,13.04
2025-05-23,CLFC225,15,13.04
2025-05-24,CLFC225,15,13.04
2025-05-25,CLFC225,15,13.04
2025-05-26,CLFC225,15,13.04
2025-05-27,CLFC225,15,13.04
2025-05-28,CLFC225,15,13.04
2025-05-29,CLFC225,15,13.04
2025-05-30,CLFC225,15,13.04
2025-05-31,CLFC225,15,13.04
2025-06-01,CLFC225,15,13.04
2025-06-02,CLFC225,15,13.04
2025-06-03,CLFC225,15,13.04
2025-06-04,CLFC225,15,13.04
2025-06-05,CLFC225,15,13.04
2025-06-06,CLFC225,15,13.04
2025-06-07,CLFC225,15,13.04
2025-06-08,CLFC225,15,13.04
2025-06-09,CLFC225,15,13.04
2025-06-10,CLFC225,15,13.04
2025-06-11,CLFC225,15,13.04
2025-06-12,CLFC225,15,13.04
2025-06-13,CLFC225,15,13.04
2025-06-14,CLFC225,15,13.04
2025-06-15,CLFC225,15,13.0
2025-03-15,CLFC293,215,150.0
2025-03-11,CLFC220,150,572.0
2025-03-14,CLFC271,395,95.0
2025-03-23,CLFC420,75,120.0
2025-03-23,CLFC421,266,133.0
2025-03-23,CLFC423,109,120.0
2025-03-23,CLFC426,309,180.0
2025-03-28,CLFC109,172,126.67
2025-03-29,CLFC109,172,126.67
2025-03-30,CLFC109,172,126.66
2025-03-21,CLFC396,229,230.0
2025-02-26,CLFC58,478,0.0
2025-02-27,CLFC73,96,320.0
2025-02-27,CLFC74,266,185.0
2025-02-27,CLFC75,266,185.0
2025-03-15,CLFC295,0,320.0
2025-03-15,CLFC300,117,148.0
2025-03-17,CLFC315,417,355.0
2025-03-17,CLFC317,97,165.0
2025-03-17,CLFC325,381,165.0
2025-03-17,CLFC326,276,165.0
2025-03-17,CLFC328,332,230.0
2025-06-27,CLFC329,495,150.0
2025-06-28,CLFC329,495,150.0
2025-03-06,CLFC149,3,599.0
2025-03-21,CLFC402,276,165.0
2025-03-26,CLFC459,23,80.0
2025-03-26,CLFC469,497,665.0
2025-03-09,CLFC181,429,150.0
2025-03-13,CLFC264,465,128.0
2025-04-12,CLFC267,128,7.02
2025-04-13,CLFC267,128,7.02
2025-04-14,CLFC267,128,7.02
2025-04-15,CLFC267,128,7.02
2025-04-16,CLFC267,128,7.02
2025-04-17,CLFC267,128,7.02
2025-04-18,CLFC267,128,7.02
2025-04-19,CLFC267,128,7.02
2025-04-20,CLFC267,128,7.02
2025-04-21,CLFC267,128,7.02
2025-04-22,CLFC267,128,7.02
2025-04-23,CLFC267,128,7.02
2025-04-24,CLFC267,128,7.02
2025-04-25,CLFC267,128,7.02
2025-04-26,CLFC267,128,7.02
2025-04-27,CLFC267,128,7.02
2025-04-28,CLFC267,128,7.02
2025-04-29,CLFC267,128,7.02
2025-04-30,CLFC267,128,7.02
2025-05-01,CLFC267,128,7.02
2025-05-02,CLFC267,128,7.02
2025-05-03,CLFC267,128,7.02
2025-05-04,CLFC267,128,7.02
2025-05-05,CLFC267,128,7.02
2025-05-06,CLFC267,128,7.02
2025-05-07,CLFC267,128,7.02
2025-05-08,CLFC267,128,7.02
2025-05-09,CLFC267,128,7.02
2025-05-10,CLFC267,128,7.02
2025-05-11,CLFC267,128,7.02
2025-05-12,CLFC267,128,7.02
2025-05-13,CLFC267,128,7.02
2025-05-14,CLFC267,128,7.02
2025-05-15,CLFC267,128,7.02
2025-05-16,CLFC267,128,7.02
2025-05-17,CLFC267,128,7.02
2025-05-18,CLFC267,128,7.02
2025-05-19,CLFC267,128,7.02
2025-05-20,CLFC267,128,7.02
2025-05-21,CLFC267,128,7.02
2025-05-22,CLFC267,128,7.02
2025-05-23,CLFC267,128,7.02
2025-05-24,CLFC267,128,7.02
2025-05-25,CLFC267,128,7.02
2025-05-26,CLFC267,128,7.02
2025-05-27,CLFC267,128,7.02
2025-05-28,CLFC267,128,7.02
2025-05-29,CLFC267,128,7.02
2025-05-30,CLFC267,128,7.02
2025-05-31,CLFC267,128,7.02
2025-06-01,CLFC267,128,7.02
2025-06-02,CLFC267,128,7.02
2025-06-03,CLFC267,128,7.02
2025-06-04,CLFC267,128,7.02
2025-06-05,CLFC267,128,7.02
2025-06-06,CLFC267,128,7.02
2025-06-07,CLFC267,128,7.02
2025-06-08,CLFC267,128,7.02
2025-06-09,CLFC267,128,7.02
2025-06-10,CLFC267,128,7.02
2025-06-11,CLFC267,128,7.02
2025-06-12,CLFC267,128,7.02
2025-06-13,CLFC267,128,7.02
2025-06-14,CLFC267,128,7.02
2025-06-15,CLFC267,128,6.72
2025-04-12,CLFC185,128,7.38
2025-04-13,CLFC185,128,7.38
2025-04-14,CLFC185,128,7.38
2025-04-15,CLFC185,128,7.38
2025-04-16,CLFC185,128,7.38
2025-04-17,CLFC185,128,7.38
2025-04-18,CLFC185,128,7.38
2025-04-19,CLFC185,128,7.38
2025-04-20,CLFC185,128,7.38
2025-04-21,CLFC185,128,7.38
2025-04-22,CLFC185,128,7.38
2025-04-23,CLFC185,128,7.38
2025-04-24,CLFC185,128,7.38
2025-04-25,CLFC185,128,7.38
2025-04-26,CLFC185,128,7.38
2025-04-27,CLFC185,128,7.38
2025-04-28,CLFC185,128,7.38
2025-04-29,CLFC185,128,7.38
2025-04-30,CLFC185,128,7.38
2025-05-01,CLFC185,128,7.38
2025-05-02,CLFC185,128,7.38
2025-05-03,CLFC185,128,7.38
2025-05-04,CLFC185,128,7.38
2025-05-05,CLFC185,128,7.38
2025-05-06,CLFC185,128,7.38
2025-05-07,CLFC185,128,7.38
2025-05-08,CLFC185,128,7.38
2025-05-09,CLFC185,128,7.38
2025-05-10,CLFC185,128,7.38
2025-05-11,CLFC185,128,7.38
2025-05-12,CLFC185,128,7.38
2025-05-13,CLFC185,128,7.38
2025-05-14,CLFC185,128,7.38
2025-05-15,CLFC185,128,7.38
2025-05-16,CLFC185,128,7.38
2025-05-17,CLFC185,128,7.38
2025-05-18,CLFC185,128,7.38
2025-05-19,CLFC185,128,7.38
2025-05-20,CLFC185,128,7.38
2025-05-21,CLFC185,128,7.38
2025-05-22,CLFC185,128,7.38
2025-05-23,CLFC185,128,7.38
2025-05-24,CLFC185,128,7.38
2025-05-25,CLFC185,128,7.38
2025-05-26,CLFC185,128,7.38
2025-05-27,CLFC185,128,7.38
2025-05-28,CLFC185,128,7.38
2025-05-29,CLFC185,128,7.38
2025-05-30,CLFC185,128,7.38
2025-05-31,CLFC185,128,7.38
2025-06-01,CLFC185,128,7.38
2025-06-02,CLFC185,128,7.38
2025-06-03,CLFC185,128,7.38
2025-06-04,CLFC185,128,7.38
2025-06-05,CLFC185,128,7.38
2025-06-06,CLFC185,128,7.38
2025-06-07,CLFC185,128,7.38
2025-06-08,CLFC185,128,7.38
2025-06-09,CLFC185,128,7.38
2025-06-10,CLFC185,128,7.38
2025-06-11,CLFC185,128,7.38
2025-06-12,CLFC185,128,7.38
2025-06-13,CLFC185,128,7.38
2025-06-14,CLFC185,128,7.38
2025-06-15,CLFC185,128,7.68
2025-03-12,CLFC250,150,532.0
2025-03-12,CLFC251,527,532.0
2025-04-26,CLFC278,15,13.04
2025-04-27,CLFC278,15,13.04
2025-04-28,CLFC278,15,13.04
2025-04-29,CLFC278,15,13.04
2025-04-30,CLFC278,15,13.04
2025-05-01,CLFC278,15,13.04
2025-05-02,CLFC278,15,13.04
2025-05-03,CLFC278,15,13.04
2025-05-04,CLFC278,15,13.04
2025-05-05,CLFC278,15,13.04
2025-05-06,CLFC278,15,13.04
2025-05-07,CLFC278,15,13.04
2025-05-08,CLFC278,15,13.04
2025-05-09,CLFC278,15,13.04
2025-05-10,CLFC278,15,13.04
2025-05-11,CLFC278,15,13.04
2025-05-12,CLFC278,15,13.04
2025-05-13,CLFC278,15,13.04
2025-05-14,CLFC278,15,13.04
2025-05-15,CLFC278,15,13.04
2025-05-16,CLFC278,15,13.04
2025-05-17,CLFC278,15,13.04
2025-05-18,CLFC278,15,13.04
2025-05-19,CLFC278,15,13.04
2025-05-20,CLFC278,15,13.04
2025-05-21,CLFC278,15,13.04
2025-05-22,CLFC278,15,13.04
2025-05-23,CLFC278,15,13.04
2025-05-24,CLFC278,15,13.04
2025-05-25,CLFC278,15,13.04
2025-05-26,CLFC278,15,13.04
2025-05-27,CLFC278,15,13.04
2025-05-28,CLFC278,15,13.04
2025-05-29,CLFC278,15,13.04
2025-05-30,CLFC278,15,13.04
2025-05-31,CLFC278,15,13.04
2025-06-01,CLFC278,15,13.04
2025-06-02,CLFC278,15,13.04
2025-06-03,CLFC278,15,13.04
2025-06-04,CLFC278,15,13.04
2025-06-05,CLFC278,15,13.04
2025-06-06,CLFC278,15,13.04
2025-06-07,CLFC278,15,13.04
2025-06-08,CLFC278,15,13.04
2025-06-09,CLFC278,15,13.04
2025-06-10,CLFC278,15,13.04
2025-06-11,CLFC278,15,13.04
2025-06-12,CLFC278,15,13.04
2025-06-13,CLFC278,15,13.04
2025-06-14,CLFC278,15,13.04
2025-06-15,CLFC278,15,13.0
2025-03-17,CLFC333,368,200.0
2025-03-17,CLFC319,309,225.0
2025-04-04,CLFC338,256,152.0
2025-04-05,CLFC338,256,152.0
2025-04-06,CLFC338,256,152.0
2025-06-21,CLFC343,537,23.13
2025-06-22,CLFC343,537,23.13
2025-06-23,CLFC343,537,23.13
2025-06-24,CLFC343,537,23.13
2025-06-25,CLFC343,537,23.13
2025-06-26,CLFC343,537,23.13
2025-06-27,CLFC343,537,23.13
2025-06-28,CLFC343,537,23.13
2025-06-29,CLFC343,537,23.13
2025-06-30,CLFC343,537,23.13
2025-07-01,CLFC343,537,23.13
2025-07-02,CLFC343,537,23.13
2025-07-03,CLFC343,537,23.13
2025-07-04,CLFC343,537,23.13
2025-07-05,CLFC343,537,23.13
2025-07-06,CLFC343,537,23.13
2025-07-07,CLFC343,537,23.13
2025-07-08,CLFC343,537,23.13
2025-07-09,CLFC343,537,23.13
2025-07-10,CLFC343,537,23.13
2025-07-11,CLFC343,537,23.13
2025-07-12,CLFC343,537,23.13
2025-07-13,CLFC343,537,23.14
2025-04-04,CLFC348,256,152.0
2025-04-05,CLFC348,256,152.0
2025-04-06,CLFC348,256,152.0
2025-05-16,CLFC370,341,150.0
2025-05-17,CLFC370,341,150.0
2025-02-26,CLFC60,545,140.0
2025-03-18,CLFC349,96,256.0
2025-03-18,CLFC350,209,112.0
2025-03-18,CLFC353,395,76.0
2025-03-18,CLFC355,40,96.0
2025-03-18,CLFC361,199,140.0
2025-03-19,CLFC363,254,96.0
2025-04-04,CLFC365,256,152.0
2025-04-05,CLFC365,256,152.0
2025-04-06,CLFC365,256,152.0
2025-03-19,CLFC369,23,64.0
2025-03-26,CLFC471,264,85.0
2025-06-21,CLFC474,537,30.43
2025-06-22,CLFC474,537,30.43
2025-06-23,CLFC474,537,30.43
2025-06-24,CLFC474,537,30.43
2025-06-25,CLFC474,537,30.43
2025-06-26,CLFC474,537,30.43
2025-06-27,CLFC474,537,30.43
2025-06-28,CLFC474,537,30.43
2025-06-29,CLFC474,537,30.43
2025-06-30,CLFC474,537,30.43
2025-07-01,CLFC474,537,30.43
2025-07-02,CLFC474,537,30.43
2025-07-03,CLFC474,537,30.43
2025-07-04,CLFC474,537,30.43
2025-07-05,CLFC474,537,30.43
2025-07-06,CLFC474,537,30.43
2025-07-07,CLFC474,537,30.43
2025-07-08,CLFC474,537,30.43
2025-07-09,CLFC474,537,30.43
2025-07-10,CLFC474,537,30.43
2025-07-11,CLFC474,537,30.43
2025-07-12,CLFC474,537,30.43
2025-07-13,CLFC474,537,30.54
2025-06-21,CLFC475,537,30.43
2025-06-22,CLFC475,537,30.43
2025-06-23,CLFC475,537,30.43
2025-06-24,CLFC475,537,30.43
2025-06-25,CLFC475,537,30.43
2025-06-26,CLFC475,537,30.43
2025-06-27,CLFC475,537,30.43
2025-06-28,CLFC475,537,30.43
2025-06-29,CLFC475,537,30.43
2025-06-30,CLFC475,537,30.43
2025-07-01,CLFC475,537,30.43
2025-07-02,CLFC475,537,30.43
2025-07-03,CLFC475,537,30.43
2025-07-04,CLFC475,537,30.43
2025-07-05,CLFC475,537,30.43
2025-07-06,CLFC475,537,30.43
2025-07-07,CLFC475,537,30.43
2025-07-08,CLFC475,537,30.43
2025-07-09,CLFC475,537,30.43
2025-07-10,CLFC475,537,30.43
2025-07-11,CLFC475,537,30.43
2025-07-12,CLFC475,537,30.43
2025-07-13,CLFC475,537,30.54
2025-02-27,CLFC69,542,167.0
2025-04-04,CLFC308,256,136.67
2025-04-05,CLFC308,256,136.67
2025-04-06,CLFC308,256,136.66
2025-03-19,CLFC367,117,133.0
2025-03-22,CLFC404,527,479.0
2025-04-25,CLFC450,384,164.67
2025-04-26,CLFC450,384,164.67
2025-04-27,CLFC450,384,164.66
2025-03-26,CLFC473,117,185.0
2025-03-27,CLFC476,456,165.0
2025-04-26,CLFC477,15,13.04
2025-04-27,CLFC477,15,13.04
2025-04-28,CLFC477,15,13.04
2025-04-29,CLFC477,15,13.04
2025-04-30,CLFC477,15,13.04
2025-05-01,CLFC477,15,13.04
2025-05-02,CLFC477,15,13.04
2025-05-03,CLFC477,15,13.04
2025-05-04,CLFC477,15,13.04
2025-05-05,CLFC477,15,13.04
2025-05-06,CLFC477,15,13.04
2025-05-07,CLFC477,15,13.04
2025-05-08,CLFC477,15,13.04
2025-05-09,CLFC477,15,13.04
2025-05-10,CLFC477,15,13.04
2025-05-11,CLFC477,15,13.04
2025-05-12,CLFC477,15,13.04
2025-05-13,CLFC477,15,13.04
2025-05-14,CLFC477,15,13.04
2025-05-15,CLFC477,15,13.04
2025-05-16,CLFC477,15,13.04
2025-05-17,CLFC477,15,13.04
2025-05-18,CLFC477,15,13.04
2025-05-19,CLFC477,15,13.04
2025-05-20,CLFC477,15,13.04
2025-05-21,CLFC477,15,13.04
2025-05-22,CLFC477,15,13.04
2025-05-23,CLFC477,15,13.04
2025-05-24,CLFC477,15,13.04
2025-05-25,CLFC477,15,13.04
2025-05-26,CLFC477,15,13.04
2025-05-27,CLFC477,15,13.04
2025-05-28,CLFC477,15,13.04
2025-05-29,CLFC477,15,13.04
2025-05-30,CLFC477,15,13.04
2025-05-31,CLFC477,15,13.04
2025-06-01,CLFC477,15,13.04
2025-06-02,CLFC477,15,13.04
2025-06-03,CLFC477,15,13.04
2025-06-04,CLFC477,15,13.04
2025-06-05,CLFC477,15,13.04
2025-06-06,CLFC477,15,13.04
2025-06-07,CLFC477,15,13.04
2025-06-08,CLFC477,15,13.04
2025-06-09,CLFC477,15,13.04
2025-06-10,CLFC477,15,13.04
2025-06-11,CLFC477,15,13.04
2025-06-12,CLFC477,15,13.04
2025-06-13,CLFC477,15,13.04
2025-06-14,CLFC477,15,13.04
2025-06-15,CLFC477,15,13.0
2025-04-25,CLFC480,384,164.67
2025-04-26,CLFC480,384,164.67
2025-04-27,CLFC480,384,164.66
2025-03-27,CLFC483,276,165.0
2025-04-04,CLFC484,256,152.0
2025-04-05,CLFC484,256,152.0
2025-04-06,CLFC484,256,152.0
2025-03-20,CLFC390,105,200.0
2025-02-27,CLFC64,276,165.0
2025-06-28,CLFC376,216,28.5
2025-06-29,CLFC376,216,28.5
2025-06-30,CLFC376,216,28.5
2025-07-01,CLFC376,216,28.5
2025-07-02,CLFC376,216,28.5
2025-07-03,CLFC376,216,28.5
2025-07-04,CLFC376,216,28.5
2025-07-05,CLFC376,216,28.5
2025-07-06,CLFC376,216,28.5
2025-07-07,CLFC376,216,28.5
2025-07-08,CLFC376,216,28.5
2025-07-09,CLFC376,216,28.5
2025-07-10,CLFC376,216,28.5
2025-07-11,CLFC376,216,28.5
2025-07-12,CLFC376,216,28.5
2025-07-13,CLFC376,216,28.5
2025-03-21,CLFC394,250,164.0
2025-03-21,CLFC397,362,232.0
2025-04-04,CLFC184,217,125.67
2025-04-05,CLFC184,217,125.67
2025-04-06,CLFC184,217,125.66
2025-05-09,CLFC399,411,152.0
2025-05-10,CLFC399,411,152.0
2025-05-11,CLFC399,411,152.0
2025-03-22,CLFC406,161,97.0
2025-03-22,CLFC408,547,120.0
2025-03-22,CLFC409,559,100.0
2025-03-22,CLFC411,40,120.0
2025-03-23,CLFC414,47,722.0
2025-03-27,CLFC485,272,320.0
2025-03-27,CLFC486,502,150.0
2025-03-27,CLFC489,548,180.0
2025-03-18,CLFC340,440,250.0
2025-03-26,CLFC470,40,120.0
2025-04-26,CLFC262,15,13.04
2025-04-27,CLFC262,15,13.04
2025-04-28,CLFC262,15,13.04
2025-04-29,CLFC262,15,13.04
2025-04-30,CLFC262,15,13.04
2025-05-01,CLFC262,15,13.04
2025-05-02,CLFC262,15,13.04
2025-05-03,CLFC262,15,13.04
2025-05-04,CLFC262,15,13.04
2025-05-05,CLFC262,15,13.04
2025-05-06,CLFC262,15,13.04
2025-05-07,CLFC262,15,13.04
2025-05-08,CLFC262,15,13.04
2025-05-09,CLFC262,15,13.04
2025-05-10,CLFC262,15,13.04
2025-05-11,CLFC262,15,13.04
2025-05-12,CLFC262,15,13.04
2025-05-13,CLFC262,15,13.04
2025-05-14,CLFC262,15,13.04
2025-05-15,CLFC262,15,13.04
2025-05-16,CLFC262,15,13.04
2025-05-17,CLFC262,15,13.04
2025-05-18,CLFC262,15,13.04
2025-05-19,CLFC262,15,13.04
2025-05-20,CLFC262,15,13.04
2025-05-21,CLFC262,15,13.04
2025-05-22,CLFC262,15,13.04
2025-05-23,CLFC262,15,13.04
2025-05-24,CLFC262,15,13.04
2025-05-25,CLFC262,15,13.04
2025-05-26,CLFC262,15,13.04
2025-05-27,CLFC262,15,13.04
2025-05-28,CLFC262,15,13.04
2025-05-29,CLFC262,15,13.04
2025-05-30,CLFC262,15,13.04
2025-05-31,CLFC262,15,13.04
2025-06-01,CLFC262,15,13.04
2025-06-02,CLFC262,15,13.04
2025-06-03,CLFC262,15,13.04
2025-06-04,CLFC262,15,13.04
2025-06-05,CLFC262,15,13.04
2025-06-06,CLFC262,15,13.04
2025-06-07,CLFC262,15,13.04
2025-06-08,CLFC262,15,13.04
2025-06-09,CLFC262,15,13.04
2025-06-10,CLFC262,15,13.04
2025-06-11,CLFC262,15,13.04
2025-06-12,CLFC262,15,13.04
2025-06-13,CLFC262,15,13.04
2025-06-14,CLFC262,15,13.04
2025-06-15,CLFC262,15,13.0
2025-04-26,CLFC263,15,13.04
2025-04-27,CLFC263,15,13.04
2025-04-28,CLFC263,15,13.04
2025-04-29,CLFC263,15,13.04
2025-04-30,CLFC263,15,13.04
2025-05-01,CLFC263,15,13.04
2025-05-02,CLFC263,15,13.04
2025-05-03,CLFC263,15,13.04
2025-05-04,CLFC263,15,13.04
2025-05-05,CLFC263,15,13.04
2025-05-06,CLFC263,15,13.04
2025-05-07,CLFC263,15,13.04
2025-05-08,CLFC263,15,13.04
2025-05-09,CLFC263,15,13.04
2025-05-10,CLFC263,15,13.04
2025-05-11,CLFC263,15,13.04
2025-05-12,CLFC263,15,13.04
2025-05-13,CLFC263,15,13.04
2025-05-14,CLFC263,15,13.04
2025-05-15,CLFC263,15,13.04
2025-05-16,CLFC263,15,13.04
2025-05-17,CLFC263,15,13.04
2025-05-18,CLFC263,15,13.04
2025-05-19,CLFC263,15,13.04
2025-05-20,CLFC263,15,13.04
2025-05-21,CLFC263,15,13.04
2025-05-22,CLFC263,15,13.04
2025-05-23,CLFC263,15,13.04
2025-05-24,CLFC263,15,13.04
2025-05-25,CLFC263,15,13.04
2025-05-26,CLFC263,15,13.04
2025-05-27,CLFC263,15,13.04
2025-05-28,CLFC263,15,13.04
2025-05-29,CLFC263,15,13.04
2025-05-30,CLFC263,15,13.04
2025-05-31,CLFC263,15,13.04
2025-06-01,CLFC263,15,13.04
2025-06-02,CLFC263,15,13.04
2025-06-03,CLFC263,15,13.04
2025-06-04,CLFC263,15,13.04
2025-06-05,CLFC263,15,13.04
2025-06-06,CLFC263,15,13.04
2025-06-07,CLFC263,15,13.04
2025-06-08,CLFC263,15,13.04
2025-06-09,CLFC263,15,13.04
2025-06-10,CLFC263,15,13.04
2025-06-11,CLFC263,15,13.04
2025-06-12,CLFC263,15,13.04
2025-06-13,CLFC263,15,13.04
2025-06-14,CLFC263,15,13.04
2025-06-15,CLFC263,15,13.0
2025-04-25,CLFC429,384,164.67
2025-04-26,CLFC429,384,164.67
2025-04-27,CLFC429,384,164.66
2025-03-24,CLFC432,97,165.0
2025-03-24,CLFC434,502,150.0
2025-03-24,CLFC437,26,700.0
2025-03-24,CLFC442,242,320.0
2025-03-25,CLFC445,335,70.0
2025-03-25,CLFC446,545,175.0
2025-03-25,CLFC447,276,165.0
2025-03-25,CLFC453,276,132.0
2025-03-25,CLFC455,117,185.0
2025-05-16,CLFC458,341,150.0
2025-05-17,CLFC458,341,150.0
2025-04-25,CLFC379,384,173.33
2025-04-26,CLFC379,384,173.33
2025-04-27,CLFC379,384,173.34
2025-04-26,CLFC403,15,13.73
2025-04-27,CLFC403,15,13.73
2025-04-28,CLFC403,15,13.73
2025-04-29,CLFC403,15,13.73
2025-04-30,CLFC403,15,13.73
2025-05-01,CLFC403,15,13.73
2025-05-02,CLFC403,15,13.73
2025-05-03,CLFC403,15,13.73
2025-05-04,CLFC403,15,13.73
2025-05-05,CLFC403,15,13.73
2025-05-06,CLFC403,15,13.73
2025-05-07,CLFC403,15,13.73
2025-05-08,CLFC403,15,13.73
2025-05-09,CLFC403,15,13.73
2025-05-10,CLFC403,15,13.73
2025-05-11,CLFC403,15,13.73
2025-05-12,CLFC403,15,13.73
2025-05-13,CLFC403,15,13.73
2025-05-14,CLFC403,15,13.73
2025-05-15,CLFC403,15,13.73
2025-05-16,CLFC403,15,13.73
2025-05-17,CLFC403,15,13.73
2025-05-18,CLFC403,15,13.73
2025-05-19,CLFC403,15,13.73
2025-05-20,CLFC403,15,13.73
2025-05-21,CLFC403,15,13.73
2025-05-22,CLFC403,15,13.73
2025-05-23,CLFC403,15,13.73
2025-05-24,CLFC403,15,13.73
2025-05-25,CLFC403,15,13.73
2025-05-26,CLFC403,15,13.73
2025-05-27,CLFC403,15,13.73
2025-05-28,CLFC403,15,13.73
2025-05-29,CLFC403,15,13.73
2025-05-30,CLFC403,15,13.73
2025-05-31,CLFC403,15,13.73
2025-06-01,CLFC403,15,13.73
2025-06-02,CLFC403,15,13.73
2025-06-03,CLFC403,15,13.73
2025-06-04,CLFC403,15,13.73
2025-06-05,CLFC403,15,13.73
2025-06-06,CLFC403,15,13.73
2025-06-07,CLFC403,15,13.73
2025-06-08,CLFC403,15,13.73
2025-06-09,CLFC403,15,13.73
2025-06-10,CLFC403,15,13.73
2025-06-11,CLFC403,15,13.73
2025-06-12,CLFC403,15,13.73
2025-06-13,CLFC403,15,13.73
2025-06-14,CLFC403,15,13.73
2025-06-15,CLFC403,15,13.5
2025-03-26,CLFC468,26,479.0
2025-04-26,CLFC494,15,13.04
2025-04-27,CLFC494,15,13.04
2025-04-28,CLFC494,15,13.04
2025-04-29,CLFC494,15,13.04
2025-04-30,CLFC494,15,13.04
2025-05-01,CLFC494,15,13.04
2025-05-02,CLFC494,15,13.04
2025-05-03,CLFC494,15,13.04
2025-05-04,CLFC494,15,13.04
2025-05-05,CLFC494,15,13.04
2025-05-06,CLFC494,15,13.04
2025-05-07,CLFC494,15,13.04
2025-05-08,CLFC494,15,13.04
2025-05-09,CLFC494,15,13.04
2025-05-10,CLFC494,15,13.04
2025-05-11,CLFC494,15,13.04
2025-05-12,CLFC494,15,13.04
2025-05-13,CLFC494,15,13.04
2025-05-14,CLFC494,15,13.04
2025-05-15,CLFC494,15,13.04
2025-05-16,CLFC494,15,13.04
2025-05-17,CLFC494,15,13.04
2025-05-18,CLFC494,15,13.04
2025-05-19,CLFC494,15,13.04
2025-05-20,CLFC494,15,13.04
2025-05-21,CLFC494,15,13.04
2025-05-22,CLFC494,15,13.04
2025-05-23,CLFC494,15,13.04
2025-05-24,CLFC494,15,13.04
2025-05-25,CLFC494,15,13.04
2025-05-26,CLFC494,15,13.04
2025-05-27,CLFC494,15,13.04
2025-05-28,CLFC494,15,13.04
2025-05-29,CLFC494,15,13.04
2025-05-30,CLFC494,15,13.04
2025-05-31,CLFC494,15,13.04
2025-06-01,CLFC494,15,13.04
2025-06-02,CLFC494,15,13.04
2025-06-03,CLFC494,15,13.04
2025-06-04,CLFC494,15,13.04
2025-06-05,CLFC494,15,13.04
2025-06-06,CLFC494,15,13.04
2025-06-07,CLFC494,15,13.04
2025-06-08,CLFC494,15,13.04
2025-06-09,CLFC494,15,13.04
2025-06-10,CLFC494,15,13.04
2025-06-11,CLFC494,15,13.04
2025-06-12,CLFC494,15,13.04
2025-06-13,CLFC494,15,13.04
2025-06-14,CLFC494,15,13.04
2025-06-15,CLFC494,15,13.0
2025-03-28,CLFC498,282,320.0
2025-04-26,CLFC503,15,13.04
2025-04-27,CLFC503,15,13.04
2025-04-28,CLFC503,15,13.04
2025-04-29,CLFC503,15,13.04
2025-04-30,CLFC503,15,13.04
2025-05-01,CLFC503,15,13.04
2025-05-02,CLFC503,15,13.04
2025-05-03,CLFC503,15,13.04
2025-05-04,CLFC503,15,13.04
2025-05-05,CLFC503,15,13.04
2025-05-06,CLFC503,15,13.04
2025-05-07,CLFC503,15,13.04
2025-05-08,CLFC503,15,13.04
2025-05-09,CLFC503,15,13.04
2025-05-10,CLFC503,15,13.04
2025-05-11,CLFC503,15,13.04
2025-05-12,CLFC503,15,13.04
2025-05-13,CLFC503,15,13.04
2025-05-14,CLFC503,15,13.04
2025-05-15,CLFC503,15,13.04
2025-05-16,CLFC503,15,13.04
2025-05-17,CLFC503,15,13.04
2025-05-18,CLFC503,15,13.04
2025-05-19,CLFC503,15,13.04
2025-05-20,CLFC503,15,13.04
2025-05-21,CLFC503,15,13.04
2025-05-22,CLFC503,15,13.04
2025-05-23,CLFC503,15,13.04
2025-05-24,CLFC503,15,13.04
2025-05-25,CLFC503,15,13.04
2025-05-26,CLFC503,15,13.04
2025-05-27,CLFC503,15,13.04
2025-05-28,CLFC503,15,13.04
2025-05-29,CLFC503,15,13.04
2025-05-30,CLFC503,15,13.04
2025-05-31,CLFC503,15,13.04
2025-06-01,CLFC503,15,13.04
2025-06-02,CLFC503,15,13.04
2025-06-03,CLFC503,15,13.04
2025-06-04,CLFC503,15,13.04
2025-06-05,CLFC503,15,13.04
2025-06-06,CLFC503,15,13.04
2025-06-07,CLFC503,15,13.04
2025-06-08,CLFC503,15,13.04
2025-06-09,CLFC503,15,13.04
2025-06-10,CLFC503,15,13.04
2025-06-11,CLFC503,15,13.04
2025-06-12,CLFC503,15,13.04
2025-06-13,CLFC503,15,13.04
2025-06-14,CLFC503,15,13.04
2025-06-15,CLFC503,15,13.0
2025-03-28,CLFC505,112,150.0
2025-03-29,CLFC509,209,155.0
2025-03-30,CLFC511,74,190.0
2025-03-30,CLFC512,117,185.0
2025-03-30,CLFC513,302,105.0
2025-03-30,CLFC515,266,185.0
2025-04-26,CLFC487,15,13.04
2025-04-27,CLFC487,15,13.04
2025-04-28,CLFC487,15,13.04
2025-04-29,CLFC487,15,13.04
2025-04-30,CLFC487,15,13.04
2025-05-01,CLFC487,15,13.04
2025-05-02,CLFC487,15,13.04
2025-05-03,CLFC487,15,13.04
2025-05-04,CLFC487,15,13.04
2025-05-05,CLFC487,15,13.04
2025-05-06,CLFC487,15,13.04
2025-05-07,CLFC487,15,13.04
2025-05-08,CLFC487,15,13.04
2025-05-09,CLFC487,15,13.04
2025-05-10,CLFC487,15,13.04
2025-05-11,CLFC487,15,13.04
2025-05-12,CLFC487,15,13.04
2025-05-13,CLFC487,15,13.04
2025-05-14,CLFC487,15,13.04
2025-05-15,CLFC487,15,13.04
2025-05-16,CLFC487,15,13.04
2025-05-17,CLFC487,15,13.04
2025-05-18,CLFC487,15,13.04
2025-05-19,CLFC487,15,13.04
2025-05-20,CLFC487,15,13.04
2025-05-21,CLFC487,15,13.04
2025-05-22,CLFC487,15,13.04
2025-05-23,CLFC487,15,13.04
2025-05-24,CLFC487,15,13.04
2025-05-25,CLFC487,15,13.04
2025-05-26,CLFC487,15,13.04
2025-05-27,CLFC487,15,13.04
2025-05-28,CLFC487,15,13.04
2025-05-29,CLFC487,15,13.04
2025-05-30,CLFC487,15,13.04
2025-05-31,CLFC487,15,13.04
2025-06-01,CLFC487,15,13.04
2025-06-02,CLFC487,15,13.04
2025-06-03,CLFC487,15,13.04
2025-06-04,CLFC487,15,13.04
2025-06-05,CLFC487,15,13.04
2025-06-06,CLFC487,15,13.04
2025-06-07,CLFC487,15,13.04
2025-06-08,CLFC487,15,13.04
2025-06-09,CLFC487,15,13.04
2025-06-10,CLFC487,15,13.04
2025-06-11,CLFC487,15,13.04
2025-06-12,CLFC487,15,13.04
2025-06-13,CLFC487,15,13.04
2025-06-14,CLFC487,15,13.04
2025-06-15,CLFC487,15,13.0
2025-03-27,CLFC497,417,320.0
2025-03-30,CLFC516,117,159.0
2025-03-31,CLFC519,545,175.0
2025-03-31,CLFC520,161,135.0
2025-03-31,CLFC521,545,175.0
2025-03-31,CLFC522,545,175.0
2025-03-31,CLFC523,74,190.0
2025-03-07,CLFC162,371,150.0
2025-04-12,CLFC463,128,7.02
2025-04-13,CLFC463,128,7.02
2025-04-14,CLFC463,128,7.02
2025-04-15,CLFC463,128,7.02
2025-04-16,CLFC463,128,7.02
2025-04-17,CLFC463,128,7.02
2025-04-18,CLFC463,128,7.02
2025-04-19,CLFC463,128,7.02
2025-04-20,CLFC463,128,7.02
2025-04-21,CLFC463,128,7.02
2025-04-22,CLFC463,128,7.02
2025-04-23,CLFC463,128,7.02
2025-04-24,CLFC463,128,7.02
2025-04-25,CLFC463,128,7.02
2025-04-26,CLFC463,128,7.02
2025-04-27,CLFC463,128,7.02
2025-04-28,CLFC463,128,7.02
2025-04-29,CLFC463,128,7.02
2025-04-30,CLFC463,128,7.02
2025-05-01,CLFC463,128,7.02
2025-05-02,CLFC463,128,7.02
2025-05-03,CLFC463,128,7.02
2025-05-04,CLFC463,128,7.02
2025-05-05,CLFC463,128,7.02
2025-05-06,CLFC463,128,7.02
2025-05-07,CLFC463,128,7.02
2025-05-08,CLFC463,128,7.02
2025-05-09,CLFC463,128,7.02
2025-05-10,CLFC463,128,7.02
2025-05-11,CLFC463,128,7.02
2025-05-12,CLFC463,128,7.02
2025-05-13,CLFC463,128,7.02
2025-05-14,CLFC463,128,7.02
2025-05-15,CLFC463,128,7.02
2025-05-16,CLFC463,128,7.02
2025-05-17,CLFC463,128,7.02
2025-05-18,CLFC463,128,7.02
2025-05-19,CLFC463,128,7.02
2025-05-20,CLFC463,128,7.02
2025-05-21,CLFC463,128,7.02
2025-05-22,CLFC463,128,7.02
2025-05-23,CLFC463,128,7.02
2025-05-24,CLFC463,128,7.02
2025-05-25,CLFC463,128,7.02
2025-05-26,CLFC463,128,7.02
2025-05-27,CLFC463,128,7.02
2025-05-28,CLFC463,128,7.02
2025-05-29,CLFC463,128,7.02
2025-05-30,CLFC463,128,7.02
2025-05-31,CLFC463,128,7.02
2025-06-01,CLFC463,128,7.02
2025-06-02,CLFC463,128,7.02
2025-06-03,CLFC463,128,7.02
2025-06-04,CLFC463,128,7.02
2025-06-05,CLFC463,128,7.02
2025-06-06,CLFC463,128,7.02
2025-06-07,CLFC463,128,7.02
2025-06-08,CLFC463,128,7.02
2025-06-09,CLFC463,128,7.02
2025-06-10,CLFC463,128,7.02
2025-06-11,CLFC463,128,7.02
2025-06-12,CLFC463,128,7.02
2025-06-13,CLFC463,128,7.02
2025-06-14,CLFC463,128,7.02
2025-06-15,CLFC463,128,6.72
2025-03-27,CLFC481,309,225.0
2025-03-27,CLFC491,484,151.0
2025-04-25,CLFC510,48,114.0
2025-04-26,CLFC510,48,114.0
2025-04-27,CLFC510,48,114.0
2025-04-01,CLFC534,395,95.0
2025-04-01,CLFC539,135,150.0
2025-04-01,CLFC542,199,175.0
2025-03-01,CLFC93,74,190.0
2025-03-20,CLFC380,75,150.0
2025-03-31,CLFC527,488,220.0
2025-04-12,CLFC347,128,5.62
2025-04-13,CLFC347,128,5.62
2025-04-14,CLFC347,128,5.62
2025-04-15,CLFC347,128,5.62
2025-04-16,CLFC347,128,5.62
2025-04-17,CLFC347,128,5.62
2025-04-18,CLFC347,128,5.62
2025-04-19,CLFC347,128,5.62
2025-04-20,CLFC347,128,5.62
2025-04-21,CLFC347,128,5.62
2025-04-22,CLFC347,128,5.62
2025-04-23,CLFC347,128,5.62
2025-04-24,CLFC347,128,5.62
2025-04-25,CLFC347,128,5.62
2025-04-26,CLFC347,128,5.62
2025-04-27,CLFC347,128,5.62
2025-04-28,CLFC347,128,5.62
2025-04-29,CLFC347,128,5.62
2025-04-30,CLFC347,128,5.62
2025-05-01,CLFC347,128,5.62
2025-05-02,CLFC347,128,5.62
2025-05-03,CLFC347,128,5.62
2025-05-04,CLFC347,128,5.62
2025-05-05,CLFC347,128,5.62
2025-05-06,CLFC347,128,5.62
2025-05-07,CLFC347,128,5.62
2025-05-08,CLFC347,128,5.62
2025-05-09,CLFC347,128,5.62
2025-05-10,CLFC347,128,5.62
2025-05-11,CLFC347,128,5.62
2025-05-12,CLFC347,128,5.62
2025-05-13,CLFC347,128,5.62
2025-05-14,CLFC347,128,5.62
2025-05-15,CLFC347,128,5.62
2025-05-16,CLFC347,128,5.62
2025-05-17,CLFC347,128,5.62
2025-05-18,CLFC347,128,5.62
2025-05-19,CLFC347,128,5.62
2025-05-20,CLFC347,128,5.62
2025-05-21,CLFC347,128,5.62
2025-05-22,CLFC347,128,5.62
2025-05-23,CLFC347,128,5.62
2025-05-24,CLFC347,128,5.62
2025-05-25,CLFC347,128,5.62
2025-05-26,CLFC347,128,5.62
2025-05-27,CLFC347,128,5.62
2025-05-28,CLFC347,128,5.62
2025-05-29,CLFC347,128,5.62
2025-05-30,CLFC347,128,5.62
2025-05-31,CLFC347,128,5.62
2025-06-01,CLFC347,128,5.62
2025-06-02,CLFC347,128,5.62
2025-06-03,CLFC347,128,5.62
2025-06-04,CLFC347,128,5.62
2025-06-05,CLFC347,128,5.62
2025-06-06,CLFC347,128,5.62
2025-06-07,CLFC347,128,5.62
2025-06-08,CLFC347,128,5.62
2025-06-09,CLFC347,128,5.62
2025-06-10,CLFC347,128,5.62
2025-06-11,CLFC347,128,5.62
2025-06-12,CLFC347,128,5.62
2025-06-13,CLFC347,128,5.62
2025-06-14,CLFC347,128,5.62
2025-06-15,CLFC347,128,5.32
2025-03-24,CLFC433,135,150.0
2025-04-12,CLFC435,128,7.38
2025-04-13,CLFC435,128,7.38
2025-04-14,CLFC435,128,7.38
2025-04-15,CLFC435,128,7.38
2025-04-16,CLFC435,128,7.38
2025-04-17,CLFC435,128,7.38
2025-04-18,CLFC435,128,7.38
2025-04-19,CLFC435,128,7.38
2025-04-20,CLFC435,128,7.38
2025-04-21,CLFC435,128,7.38
2025-04-22,CLFC435,128,7.38
2025-04-23,CLFC435,128,7.38
2025-04-24,CLFC435,128,7.38
2025-04-25,CLFC435,128,7.38
2025-04-26,CLFC435,128,7.38
2025-04-27,CLFC435,128,7.38
2025-04-28,CLFC435,128,7.38
2025-04-29,CLFC435,128,7.38
2025-04-30,CLFC435,128,7.38
2025-05-01,CLFC435,128,7.38
2025-05-02,CLFC435,128,7.38
2025-05-03,CLFC435,128,7.38
2025-05-04,CLFC435,128,7.38
2025-05-05,CLFC435,128,7.38
2025-05-06,CLFC435,128,7.38
2025-05-07,CLFC435,128,7.38
2025-05-08,CLFC435,128,7.38
2025-05-09,CLFC435,128,7.38
2025-05-10,CLFC435,128,7.38
2025-05-11,CLFC435,128,7.38
2025-05-12,CLFC435,128,7.38
2025-05-13,CLFC435,128,7.38
2025-05-14,CLFC435,128,7.38
2025-05-15,CLFC435,128,7.38
2025-05-16,CLFC435,128,7.38
2025-05-17,CLFC435,128,7.38
2025-05-18,CLFC435,128,7.38
2025-05-19,CLFC435,128,7.38
2025-05-20,CLFC435,128,7.38
2025-05-21,CLFC435,128,7.38
2025-05-22,CLFC435,128,7.38
2025-05-23,CLFC435,128,7.38
2025-05-24,CLFC435,128,7.38
2025-05-25,CLFC435,128,7.38
2025-05-26,CLFC435,128,7.38
2025-05-27,CLFC435,128,7.38
2025-05-28,CLFC435,128,7.38
2025-05-29,CLFC435,128,7.38
2025-05-30,CLFC435,128,7.38
2025-05-31,CLFC435,128,7.38
2025-06-01,CLFC435,128,7.38
2025-06-02,CLFC435,128,7.38
2025-06-03,CLFC435,128,7.38
2025-06-04,CLFC435,128,7.38
2025-06-05,CLFC435,128,7.38
2025-06-06,CLFC435,128,7.38
2025-06-07,CLFC435,128,7.38
2025-06-08,CLFC435,128,7.38
2025-06-09,CLFC435,128,7.38
2025-06-10,CLFC435,128,7.38
2025-06-11,CLFC435,128,7.38
2025-06-12,CLFC435,128,7.38
2025-06-13,CLFC435,128,7.38
2025-06-14,CLFC435,128,7.38
2025-06-15,CLFC435,128,7.68
2025-04-25,CLFC496,48,126.67
2025-04-26,CLFC496,48,126.67
2025-04-27,CLFC496,48,126.66
2025-04-01,CLFC536,74,190.0
2025-04-02,CLFC544,74,190.0
2025-04-02,CLFC545,213,180.0
2025-04-02,CLFC549,202,2803.0
2025-04-25,CLFC552,48,126.67
2025-04-26,CLFC552,48,126.67
2025-04-27,CLFC552,48,126.66
2025-04-12,CLFC85,128,7.38
2025-04-13,CLFC85,128,7.38
2025-04-14,CLFC85,128,7.38
2025-04-15,CLFC85,128,7.38
2025-04-16,CLFC85,128,7.38
2025-04-17,CLFC85,128,7.38
2025-04-18,CLFC85,128,7.38
2025-04-19,CLFC85,128,7.38
2025-04-20,CLFC85,128,7.38
2025-04-21,CLFC85,128,7.38
2025-04-22,CLFC85,128,7.38
2025-04-23,CLFC85,128,7.38
2025-04-24,CLFC85,128,7.38
2025-04-25,CLFC85,128,7.38
2025-04-26,CLFC85,128,7.38
2025-04-27,CLFC85,128,7.38
2025-04-28,CLFC85,128,7.38
2025-04-29,CLFC85,128,7.38
2025-04-30,CLFC85,128,7.38
2025-05-01,CLFC85,128,7.38
2025-05-02,CLFC85,128,7.38
2025-05-03,CLFC85,128,7.38
2025-05-04,CLFC85,128,7.38
2025-05-05,CLFC85,128,7.38
2025-05-06,CLFC85,128,7.38
2025-05-07,CLFC85,128,7.38
2025-05-08,CLFC85,128,7.38
2025-05-09,CLFC85,128,7.38
2025-05-10,CLFC85,128,7.38
2025-05-11,CLFC85,128,7.38
2025-05-12,CLFC85,128,7.38
2025-05-13,CLFC85,128,7.38
2025-05-14,CLFC85,128,7.38
2025-05-15,CLFC85,128,7.38
2025-05-16,CLFC85,128,7.38
2025-05-17,CLFC85,128,7.38
2025-05-18,CLFC85,128,7.38
2025-05-19,CLFC85,128,7.38
2025-05-20,CLFC85,128,7.38
2025-05-21,CLFC85,128,7.38
2025-05-22,CLFC85,128,7.38
2025-05-23,CLFC85,128,7.38
2025-05-24,CLFC85,128,7.38
2025-05-25,CLFC85,128,7.38
2025-05-26,CLFC85,128,7.38
2025-05-27,CLFC85,128,7.38
2025-05-28,CLFC85,128,7.38
2025-05-29,CLFC85,128,7.38
2025-05-30,CLFC85,128,7.38
2025-05-31,CLFC85,128,7.38
2025-06-01,CLFC85,128,7.38
2025-06-02,CLFC85,128,7.38
2025-06-03,CLFC85,128,7.38
2025-06-04,CLFC85,128,7.38
2025-06-05,CLFC85,128,7.38
2025-06-06,CLFC85,128,7.38
2025-06-07,CLFC85,128,7.38
2025-06-08,CLFC85,128,7.38
2025-06-09,CLFC85,128,7.38
2025-06-10,CLFC85,128,7.38
2025-06-11,CLFC85,128,7.38
2025-06-12,CLFC85,128,7.38
2025-06-13,CLFC85,128,7.38
2025-06-14,CLFC85,128,7.38
2025-06-15,CLFC85,128,7.68
